{
  "request" : {
    "fromLat" : 59.211299896240234,
    "fromLon" : 10.936300277709961,
    "toLat" : 59.13555,
    "toLon" : 10.59498,
    "numPatterns" : 1
  },
  "trip" : {
    "tripPatterns" : [ ]
  }
}