{
  "request" : {
    "fromLat" : 59.86529541015625,
    "fromLon" : 10.659451484680176,
    "toLat" : 59.136205,
    "toLon" : 11.382195,
    "numPatterns" : 3
  },
  "trip" : {
    "tripPatterns" : [ ]
  }
}